String,Probability Of Repetition,ExecutionTime,Solutions Found,MethodCost
Jnτβ,0,28960423,1,292
μτSΔ,0,19870980,1,297
Yzηυ,0,25306044,1,302
wpξD,0,19709733,1,292
sgYτ,0,13158490,1,267
κv@x,0,17778656,1,267
δnuΩ,0,19955370,1,327
Θζjθ,0,12537438,1,287
υo80,0,14662333,1,287
JΦφI,0,13242768,1,292
tLν@,0,9496817,1,297
εzΔM,0,11211644,1,292
QΣnγ,0,7119583,1,302
ΓλD2,0,7998316,1,327
8NBh,0,8722611,1,302
θΞιY,0,7684151,1,267
5ωsh,0,7727051,1,267
rιFμ,0,8911784,1,322
lψμH,0,8626000,1,302
α!2C,0,8613101,1,332
τυXμ,0,8736707,1,322
#8Hn,0,5725918,1,257
μ1#G,0,6223588,1,302
9Dκφ,0,5979504,1,267
%ΞaQ,0,5928449,1,292
2ξζΓ,0,5432577,1,267
χrυE,0,5479771,1,287
7πξA,0,5684266,1,297
αQuh,0,9684402,1,302
IxXz,0,5610930,1,292
ωHκg,0,5929543,1,322
μpSζ,0,2971321,1,302
σsAτ,0,2674199,1,267
3k8H,0,3233369,1,297
χ6κQ,0,9774928,1,287
74Dυ,0,4954511,1,302
Bf2%,0,4232832,1,267
ΞΓjU,0,5012825,1,322
hBaΘ,0,5014106,1,287
ιCRΘ,0,3528365,1,257
y985,0,3929821,1,287
χhdΞ,0,4520353,1,322
eι!ψ,0,4188256,1,322
Lξ%h,0,3501656,1,267
JNΦσ,0,3590228,1,287
yfσΔ,0,3893316,1,297
λc@τ,0,4260043,1,302
zΨδ0,0,3496344,1,287
lcγX,0,2929616,1,262
BgΨw,0,2950621,1,287
bxκ@,0,2972284,1,292
O7ML,0,3241843,1,292
σ8Ξ9,0,3066954,1,297
1κrP,0,2934160,1,292
iξGτ,0,2722046,1,267
xΩ4N,0,2868704,1,297
92εΣ,0,2463594,1,267
DφYn,0,2722131,1,292
@καφ,0,2865942,1,262
KkLM,0,2743958,1,327
nβxX,0,2324787,1,257
PξΨΓ,0,2492210,1,267
ζBlk,0,2246749,1,267
4YHd,0,6186602,1,322
Hlr1,0,2511603,1,322
%4Bz,0,2395942,1,302
9βuP,0,2581480,1,327
3voT,0,2102471,1,257
LWUm,0,2420112,1,302
ΔZΞμ,0,2626098,1,322
6uGΞ,0,2323467,1,287
rΓKD,0,2382541,1,287
UHα7,0,2112759,1,257
abqι,0,2147806,1,292
L$ψq,0,1410275,1,327
5fyψ,0,1161139,1,292
ΔWαt,0,1677356,1,292
aXωr,0,1807176,1,327
ωJ!U,0,2036984,1,322
R$Iι,0,1764476,1,287
βσζL,0,1653140,1,287
og8u,0,1562299,1,292
XWνλ,0,1704794,1,332
gbkι,0,1389909,1,262
$hIσ,0,1538447,1,292
oGψk,0,1065340,1,302
πLb8,0,1513353,1,302
OLΨm,0,830919,1,302
λ0rb,0,755794,1,292
φqυd,0,718616,1,287
Opaγ,0,773716,1,302
ωΔηΘ,0,658717,1,257
x0PΔ,0,751752,1,297
$gηυ,0,687273,1,267
TθfF,0,764672,1,297
%NBo,0,778062,1,297
7πΞ1,0,2785397,1,327
ΘQM1,0,787785,1,287
pQ62,0,736998,1,287
νyJ4,0,1633877,1,292
UτVI,0,1284463,1,297
EUxG,0,1207734,1,262
@υω0,0,1400031,1,327
JbsΠ,0,1367858,1,297
ΠZSσ,0,1421322,1,327
lQ6S,0,1252882,1,297
eΦVU,0,1568993,1,322
Σω4Q,0,1248322,1,292
nιLH,0,1068006,1,267
ξdfZ,0,856504,1,302
aΛRF,0,692582,1,287
LΔΣμ,0,732499,1,287
CΛ3Π,0,860304,1,302
α4Φδ,0,707039,1,292
τFpΓ,0,699623,1,297
nξfQ,0,771609,1,332
Gytσ,0,707219,1,297
ΓΩ$%,0,694731,1,297
VQωσ,0,705523,1,302
70mP,0,650868,1,262
χBU1,0,767095,1,327
CysT,0,743945,1,322
ηy@6,0,792138,1,327
wψlr,0,650851,1,262
Fζmd,0,678154,1,287
ξφX6,0,702425,1,292
6SWε,0,722687,1,302
KξΓJ,0,908782,1,297
ωDg!,0,709249,1,267
Σ$Zδ,0,820210,1,292
3Rωυ,0,3110547,1,302
01γN,0,999850,1,262
λjαk,0,627236,1,262
ναnq,0,733186,1,292
εΠ%m,0,693215,1,297
ypzΓ,0,691457,1,292
Πωξx,0,634974,1,267
ανMm,0,700014,1,297
XB3κ,0,765555,1,327
ζOxl,0,597586,1,257
NβIw,0,768616,1,322
ΛvL3,0,664779,1,287
γσlE,0,665847,1,287
3GΞΔ,0,715690,1,302
5ξΓγ,0,629837,1,267
0Γ9X,0,695751,1,297
uLpX,0,703827,1,302
ΓPωψ,0,757936,1,327
%MoS,0,665781,1,287
%!ND,0,655772,1,287
85#κ,0,763620,1,327
ΠPUR,0,769742,1,332
ΣEPI,0,693139,1,297
Bδ$U,0,736373,1,322
Glλβ,0,704649,1,302
3v1ζ,0,615121,1,267
MmUF,0,757215,1,327
1OωP,0,707103,1,297
eOKD,0,717036,1,287
jβ@V,0,952108,1,322
6rωw,0,1014302,1,322
ZT4υ,0,818742,1,297
18!L,0,1103485,1,297
EΞBγ,0,831455,1,267
WEG!,0,950472,1,262
Cr3k,0,689255,1,302
2OgE,0,814952,1,292
UψΩ@,0,668738,1,262
K!φΨ,0,1023297,1,292
Idσe,0,1112170,1,292
RΦΔS,0,660185,1,322
ζΦJe,0,1213286,1,287
iIΨp,0,1121454,1,327
UVχo,0,918001,1,262
hsuΓ,0,1115356,1,332
θXZS,0,1164334,1,257
vdgG,0,955375,1,302
pΩIΨ,0,1025301,1,292
aqλθ,0,908277,1,287
2@ιG,0,779423,1,257
yfA2,0,863705,1,292
qo3γ,0,970468,1,302
%kνy,0,862709,1,302
ξnkw,0,792505,1,287
υΛh#,0,1068392,1,287
νσgl,0,659982,1,302
ι#lg,0,453842,1,287
ΞEΔz,0,427688,1,267
τgεI,0,472999,1,297
Kκψj,0,736642,1,332
Nj4U,0,495984,1,322
χgs%,0,470418,1,297
J@fW,0,523275,1,327
ΞoAn,0,701987,1,297
KΓMΔ,0,518791,1,327
Γ6e8,0,525332,1,332
D$lu,0,398060,1,257
9δ#Ξ,0,729963,1,322
PΔΩ5,0,2123377,1,297
ζ1υq,0,470823,1,292
νHI9,0,409484,1,257
HεrΔ,0,545491,1,332
R1Tε,0,478837,1,302
2pσF,0,404568,1,257
#4qA,0,452860,1,292
Vwnω,0,475122,1,292
E3κi,0,421764,1,267
βΘqf,0,502723,1,322
anWΔ,0,484704,1,302
σruG,0,512294,1,327
ΛXyκ,0,1097029,1,257
dCJK,0,1082680,1,267
L6%J,0,1176616,1,267
@YuR,0,646592,1,297
uCVX,0,674829,1,302
KφFP,0,727376,1,327
Lwξ$,0,655903,1,297
pBmo,0,616574,1,262
Ψ0aj,0,603860,1,267
xRlΠ,0,794389,1,297
eΨox,0,596220,1,267
bχVv,0,707480,1,322
θ0ΘK,0,1071480,1,267
dΛkX,0,843527,1,262
Gκψj,0,482335,1,302
δ7WZ,0,473682,1,302
Ωlor,0,454912,1,292
ξpQl,0,469884,1,302
πyχr,0,500965,1,322
7UCY,0,434649,1,267
%τλξ,0,498830,1,322
JM5a,0,511607,1,327
νι8ξ,0,397263,1,257
hfq8,0,478785,1,297
d$D0,0,462571,1,297
ψhUχ,0,470076,1,297
aT8λ,0,474568,1,292
πθLδ,0,499241,1,292
pKπΘ,0,506203,1,322
u4Ω0,0,471511,1,292
KξμX,0,531557,1,332
2ΠζW,0,566343,1,292
oSν#,0,522090,1,322
Z2Tφ,0,509183,1,297
ΦγZa,0,537865,1,287
jHμs,0,514062,1,327
υcfW,0,683624,1,327
Φ6QJ,0,622148,1,302
XζcΞ,0,975664,1,322
@DΔX,0,849355,1,267
nilM,0,883648,1,292
9zγπ,0,760815,1,257
ΩεqΞ,0,946133,1,322
D8JΣ,0,819852,1,262
Nβwu,0,1138966,1,327
Πqn9,0,842446,1,297
ν1LD,0,819829,1,287
daFO,0,863173,1,302
Pxλγ,0,848752,1,297
χHτ@,0,809382,1,287
IβEe,0,927634,1,327
eαv6,0,807186,1,297
tzΨ7,0,828641,1,292
KmκΨ,0,561300,1,322
%πΓO,0,429087,1,257
μlΞβ,0,472649,1,302
V6BI,0,448047,1,267
vμyΠ,0,3009322,1,262
ξνγτ,0,445380,1,262
wψD3,0,521124,1,322
n1μΘ,0,536587,1,332
ξwTν,0,478745,1,292
ΓFΨN,0,486123,1,297
c@yΛ,0,432770,1,262
nKl!,0,505770,1,322
ΛλXy,0,454544,1,267
ΣCωu,0,521736,1,322
Ψbto,0,940920,1,302
GΠιΞ,0,944667,1,322
m6ΘT,0,858677,1,287
DΩzZ,0,836870,1,267
υKγp,0,757015,1,287
Vt1Ξ,0,765222,1,322
5γηχ,0,680607,1,297
mΠOΣ,0,404298,1,302
NZγΛ,0,470168,1,322
Σwχε,0,385100,1,292
Prcη,0,354628,1,267
νBjD,0,371960,1,287
Eξz$,0,357671,1,262
oεξP,0,422449,1,327
λpLz,0,372741,1,267
cRnQ,0,370352,1,287
S26L,0,358121,1,267
9#$2,0,540772,1,287
3υiP,0,339861,1,257
SOι3,0,407279,1,322
RθkB,0,522735,1,292
IμΦz,0,424713,1,297
!t8Q,0,341805,1,262
aβiJ,0,342308,1,257
TaYξ,0,547277,1,257
ZWG2,0,378155,1,287
ZΓA!,0,423511,1,322
bL@5,0,403417,1,297
njχM,0,382627,1,292
jΠ4χ,0,398188,1,297
ωfXχ,0,344593,1,262
αRω7,0,449741,1,327
Σ5H@,0,373271,1,287
6XBΓ,0,391311,1,297
Sjqi,0,398430,1,302
Mν9l,0,348664,1,262
LΣω$,0,423250,1,327
μ6h5,0,339706,1,262
βΔκv,0,406509,1,322
0zt1,0,415024,1,322
9zζc,0,410090,1,322
ωDj#,0,375640,1,292
B32e,0,385465,1,297
gμ9J,0,348848,1,267
qκΩZ,0,402570,1,302
iΛAσ,0,391340,1,297
apMi,0,350650,1,267
TΓ@Π,0,405217,1,297
Jthi,0,386658,1,267
λMV3,0,408277,1,322
δILV,0,442617,1,322
Haζδ,0,413256,1,292
ΦΠΓR,0,506424,1,322
ζC4K,0,462265,1,302
gKVj,0,381023,1,297
υΔχQ,0,373977,1,287
qjex,0,405423,1,302
Θs0M,0,391919,1,302
μδTα,0,387816,1,302
K!χΠ,0,388150,1,297
@F#ξ,0,422562,1,327
R8co,0,733587,1,297
λQΔ4,0,346832,1,262
ζbxV,0,366483,1,287
t15G,0,344234,1,262
OΛΠY,0,343342,1,262
ΩH#N,0,384876,1,297
gYΔΩ,0,387117,1,292
$H0K,0,391372,1,302
NZΨM,0,420582,1,327
72Pσ,0,349902,1,267
χrcW,0,624016,1,287
lMcσ,0,423397,1,327
θwσ$,0,339834,1,262
sδNX,0,347515,1,267
υwPB,0,384748,1,297
P2CG,0,620707,1,292
GΠδR,0,373108,1,292
hLv%,0,430194,1,327
0RΩK,0,419597,1,302
UO4E,0,650515,1,292
oHηm,0,629728,1,292
jLZq,0,372427,1,287
PπvN,0,694239,1,297
fXψZ,0,390991,1,302
CQUL,0,623333,1,302
tC3κ,0,393946,1,297
ωPKν,0,363702,1,287
19gψ,0,382631,1,297
φgηe,0,592265,1,292
E$Gs,0,378469,1,297
boUγ,0,393717,1,302
6kDΠ,0,388708,1,297
μ#tω,0,596429,1,262
Ξwdp,0,603844,1,267
@eνh,0,494151,1,302
φOBη,0,442318,1,327
8σGK,0,402595,1,302
NiFD,0,662950,1,322
τzWh,0,443728,1,332
νSημ,0,378275,1,287
NξDU,0,413457,1,322
YMzk,0,365150,1,262
εfic,0,638346,1,292
Θυu8,0,608450,1,297
0sΩY,0,405443,1,302
rRΠ!,0,366483,1,287
!ψφ#,0,597132,1,287
Rt#Δ,0,399370,1,302
τfRχ,0,380796,1,297
yNHν,0,368714,1,287
ψυf#,0,431843,1,327
mVO!,0,616847,1,287
φΘhΞ,0,417791,1,287
υβFy,0,435323,1,327
s69Π,0,356447,1,267
s@U6,0,727690,1,302
u6HE,0,376454,1,287
Npπg,0,367027,1,287
3φqE,0,719460,1,292
ΞLe1,0,398880,1,292
θF7d,0,975606,1,287
qΛησ,0,647509,1,262
χsxν,0,677104,1,287
q9σ#,0,770521,1,322
ζOM8,0,739931,1,297
θ1mW,0,685182,1,287
ΣZξψ,0,3558006,1,327
LZζσ,0,580769,1,292
hQξE,0,821541,1,322
Φ26Θ,0,695601,1,297
vWfz,0,1434549,1,302
πΓΦX,0,471956,1,297
Hyvτ,0,384235,1,302
xEkH,0,373042,1,292
Ωcυp,0,368998,1,262
pτΦζ,0,372108,1,292
!rLb,0,502007,1,257
Qε8β,0,630646,1,267
τυιi,0,762457,1,332
CoiΨ,0,1090331,1,287
qπXμ,0,556071,1,287
ψγdV,0,769221,1,327
MzXJ,0,727168,1,302
6Bηo,0,466251,1,262
EQθm,0,386999,1,302
σgLα,0,349515,1,267
WjPφ,0,381443,1,302
Ξzγ5,0,325318,1,257
VCxw,0,353167,1,287
ΣkrY,0,416082,1,327
znιΨ,0,420116,1,322
ντ9s,0,370791,1,292
BodQ,0,415971,1,327
cBeμ,0,610353,1,322
pνm9,0,535106,1,262
uAzΨ,0,336638,1,257
φUPπ,0,384141,1,297
σzZ7,0,457503,1,287
AβtI,0,584814,1,297
NCγy,0,457025,1,262
wlc#,0,363011,1,292
ωμ7Ω,0,347750,1,262
ewν8,0,345277,1,267
4fEΔ,0,338409,1,267
Λδλ6,0,364514,1,292
G6fφ,0,383311,1,302
χy4z,0,395828,1,297
YSδq,0,392226,1,287
cη7F,0,405094,1,322
ΞnAω,0,362563,1,292
MξUI,0,394904,1,302
πκtM,0,420922,1,332
9aN8,0,345491,1,267
i5Kk,0,376741,1,292
καψΓ,0,382552,1,297
oSθ5,0,425587,1,327
κ#Mφ,0,344715,1,267
!αTΞ,0,399562,1,322
CBQθ,0,411525,1,322
pΣγΦ,0,325007,1,257
σ5xV,0,379350,1,287
MKHγ,0,394213,1,297
Ξ$ψK,0,507400,1,302
Jj2c,0,429700,1,327
λnNr,0,358959,1,287
ΩιRβ,0,342559,1,267
ΞoIΓ,0,417427,1,262
9ιGk,0,390827,1,302
FqΔι,0,330827,1,257
δG9Θ,0,392255,1,292
lyOP,0,630737,1,322
Xr@γ,0,404974,1,302
κSWI,0,539535,1,302
XYS%,0,427785,1,327
#GrL,0,363308,1,267
ΠωBa,0,377923,1,297
wOθε,0,377786,1,297
dδ7N,0,402811,1,302
pεIL,0,583867,1,257
Cξ%a,0,645438,1,292
PUcΘ,0,529176,1,267
λ42R,0,708792,1,297
Rrωφ,0,592655,1,302
φVσi,0,628043,1,267
hr3ε,0,751656,1,332
U$ξy,0,689952,1,302
ΞΘt%,0,694638,1,302
ihum,0,968771,1,327
%CΩε,0,600665,1,302
5γΞβ,0,558418,1,297
sΩBG,0,580984,1,287
nRψB,0,717023,1,327
νΩSp,0,554951,1,267
Yφ8F,0,409432,1,322
KψεX,0,376821,1,297
9#Aa,0,374848,1,297
αJTΘ,0,413509,1,327
@kjB,0,364705,1,292
v1Θ#,0,356929,1,287
Bmγψ,0,369122,1,287
fωΠL,0,344999,1,262
ηΓWA,0,417691,1,327
ΣeΔf,0,377693,1,287
Πσ4β,0,838868,1,302
l1Σr,0,395869,1,292
Hiψ3,0,397768,1,322
cει2,0,398246,1,322
δ%α5,0,496027,1,287
!gγΩ,0,331751,1,262
βlvγ,0,386891,1,302
8hVξ,0,400479,1,322
vYΞn,0,370779,1,297
MiΩX,0,416561,1,297
a2XZ,0,341362,1,267
ζΓQ4,0,407936,1,327
3Zbγ,0,375084,1,297
SιrT,0,615551,1,322
βZζΘ,0,723212,1,322
φπKσ,0,620983,1,287
S1QM,0,517614,1,267
#gGΛ,0,536595,1,267
tτμκ,0,677631,1,297
WyγR,0,506944,1,257
MεCg,0,650772,1,322
ahεH,0,694203,1,297
wzΩμ,0,820290,1,322
whωΦ,0,693657,1,297
!σνΨ,0,694408,1,297
3aL6,0,341937,1,257
ενoi,0,353257,1,267
h$ad,0,366172,1,287
σφnΛ,0,418425,1,322
Ψ@aJ,0,347787,1,267
χcst,0,421720,1,322
ULxλ,0,335567,1,257
dΛΣe,0,333181,1,257
ΓBye,0,366726,1,287
SkωJ,0,508314,1,302
4lπμ,0,367705,1,287
FRηΠ,0,337714,1,267
U7δi,0,338771,1,267
mηΩq,0,507909,1,327
μθΨ0,0,498605,1,257
kκεy,0,2037200,1,267
θζfv,0,423150,1,327
i7Ωζ,0,422761,1,332
3ωβξ,0,331285,1,257
sBzD,0,354936,1,287
NZS#,0,404674,1,322
BUΩx,0,340463,1,267
iσaχ,0,415123,1,332
ΩYGR,0,372752,1,297
φΔηj,0,375760,1,297
OΣτπ,0,326734,1,257
κdwp,0,385048,1,302
i7Σ6,0,368253,1,292
rz5W,0,409008,1,322
8w0υ,0,351060,1,267
FOmσ,0,366796,1,292
pLξH,0,406292,1,302
aηW1,0,420447,1,322
lOAH,0,397551,1,302
MkΨH,0,390052,1,297
βzLΛ,0,412996,1,322
πRJq,0,368890,1,287
Bλ%Q,0,414390,1,322
γjOκ,0,410174,1,322
6Δc%,0,393154,1,297
!os8,0,384587,1,302
%3Θω,0,375696,1,292
!τθχ,0,386137,1,297
QiGζ,0,385827,1,297
j@ZΞ,0,364885,1,287
JaNR,0,374793,1,287
JΦ%#,0,409206,1,322
!ΩXw,0,368399,1,287
η3Tg,0,389953,1,292
XoδΛ,0,409721,1,322
!δAε,0,384468,1,302
HyνM,0,421002,1,327
DQfZ,0,388028,1,302
ZΘΔC,0,388296,1,292
aYθZ,0,389094,1,302
VξTF,0,417835,1,327
7c$U,0,356508,1,287
υwQd,0,376013,1,292
QkZ%,0,333240,1,257
δRΔx,0,353666,1,267
7!aκ,0,346863,1,262
χ9mI,0,338079,1,267
ΣTlΞ,0,369923,1,287
#μΨ7,0,470267,1,262
ε5oT,0,356686,1,287
Oφ2S,0,405548,1,327
W$yb,0,321441,1,257
3mxn,0,328051,1,257
eλγα,0,327464,1,262
rκy8,0,353337,1,262
εbΘR,0,391746,1,297
5AIF,0,368623,1,287
O%uΦ,0,444080,1,332
ΛsGT,0,405116,1,322
ΩTav,0,355032,1,287
Gfωξ,0,365745,1,292
oΞζW,0,358267,1,292
4χσ!,0,390085,1,322
BπXω,0,347799,1,287
ηωτ5,0,362302,1,292
#%hδ,0,326183,1,262
Tφt9,0,367580,1,297
JLυκ,0,371045,1,287
μζci,0,507779,1,302
Q5VF,0,400831,1,322
BΨFυ,0,365182,1,302
6Nνε,0,393395,1,297
WzEd,0,389378,1,327
j%μτ,0,363344,1,302
GlSΓ,0,360269,1,302
DχjΠ,0,361696,1,302
tNΘ5,0,388348,1,292
ωζZμ,0,334522,1,287
8φBΩ,0,380580,1,322
OΞ%Π,0,324174,1,267
1aσs,0,308558,1,257
XuiV,0,399584,1,292
ναΩn,0,471645,1,297
Bjw0,0,427278,1,327
βOfΦ,0,438005,1,327
0βδI,0,417083,1,297
hμγ!,0,376695,1,292
yσMΞ,0,378604,1,287
i%bp,0,727680,1,327
mcRe,0,559727,1,287
DJ2δ,0,658546,1,297
γVKχ,0,665724,1,292
ΘRo5,0,591462,1,257
ΛγBΨ,0,769225,1,322
Ω%πσ,0,680753,1,262
o0ιΔ,0,595285,1,267
eεVZ,0,400938,1,302
ΩV#M,0,707180,1,302
sξ9@,0,652511,1,292
Bo$r,0,620066,1,322
!6υΘ,0,605554,1,262
υΨζB,0,559351,1,292
Sηwb,0,636580,1,327
ΩK%π,0,674498,1,297
ΔdυD,0,380968,1,287
εξDβ,0,375111,1,302
9αSU,0,400149,1,322
ue6G,0,482929,1,257
@μγt,0,361966,1,292
ΔvdC,0,375973,1,297
τΞ5Δ,0,365307,1,297
fRwt,0,360712,1,297
5b0B,0,372226,1,302
Q1a6,0,334624,1,262
IgqH,0,459800,1,297
kJβ4,0,429140,1,322
RXδz,0,371190,1,297
nN9β,0,374195,1,302
x8Sχ,0,426325,1,332
Πz!η,0,409493,1,327
12HS,0,329770,1,262
0aSδ,0,369103,1,302
F5eΛ,0,364626,1,297
i6d9,0,441679,1,332
wβΓ%,0,363207,1,292
υ%UJ,0,430796,1,332
q!χφ,0,338625,1,267
xΘΔQ,0,357138,1,287
$HTG,0,444452,1,327
oΨIθ,0,444836,1,287
sOoZ,0,372888,1,302
VSη2,0,353930,1,287
OoRω,0,394665,1,322
ΞΘζv,0,312561,1,257
UΨδΘ,0,321205,1,262
q7m@,0,353761,1,287
ΠψσO,0,374832,1,297
ζlΨp,0,404790,1,327
δbBΔ,0,459254,1,267
ΔVgc,0,634862,1,332
lυΛo,0,467762,1,327
1qγΛ,0,310555,1,257
λMvα,0,374553,1,302
νwrT,0,356611,1,292
DNJ!,0,566747,1,257
Nα5b,0,392670,1,322
2r$i,0,330704,1,267
γPMH,0,370268,1,297
x8sk,0,406191,1,332
jzνP,0,410030,1,327
ΦΨga,0,410429,1,332
$χφY,0,320172,1,257
ζ%φw,0,351794,1,287
ZΨ5H,0,610754,1,297
eΔrD,0,387237,1,322
χκrq,0,402627,1,327
HkQε,0,401955,1,327
ΛV6S,0,566607,1,267
σωSw,0,351918,1,287
u6θ0,0,348568,1,292
7ΦΣQ,0,348408,1,287
ζη%W,0,469770,1,322
σξμt,0,651629,1,332
ΦdbΛ,0,386539,1,297
6azλ,0,319584,1,257
$usz,0,333027,1,267
zφQ8,0,645192,1,327
fMφC,0,313192,1,257
χυVh,0,400201,1,297
5GSL,0,337724,1,267
QΞπP,0,322773,1,262
bλΣP,0,552872,1,257
ωξju,0,321448,1,257
2fχΞ,0,354683,1,287
y35v,0,364588,1,292
σMUΘ,0,404734,1,327
ΔePz,0,575010,1,267
Shη!,0,389168,1,322
vgDN,0,372366,1,302
ZeQI,0,363449,1,297
ιfαX,0,328474,1,262
kυoΣ,0,575362,1,297
QNlr,0,313937,1,257
BQUX,0,371865,1,302
5O4e,0,383272,1,322
uγjs,0,590297,1,292
XΨAα,0,540337,1,302
WkτM,0,313388,1,257
BηY5,0,333029,1,257
AΨqλ,0,408971,1,267
qhWβ,0,635955,1,297
ΔγnY,0,373038,1,297
GΞSΩ,0,328904,1,262
χν2N,0,415640,1,332
oITκ,0,630991,1,327
ΦβRY,0,378184,1,297
wfχG,0,326517,1,262
μbYΨ,0,559364,1,262
VMKA,0,541186,1,257
σΨ%f,0,902724,1,287
Hχ8S,0,579138,1,322
un$%,0,582544,1,297
Vbjh,0,617148,1,267
#ηcR,0,546815,1,297
πAβΠ,0,811522,1,262
Eμec,0,568009,1,267
i6Kω,0,657748,1,287
tJuQ,0,867088,1,297
nΨχp,0,662147,1,292
Q!6B,0,840187,1,267
WjβA,0,318048,1,257
κΨ0U,0,385215,1,322
N7cζ,0,514111,1,297
τSbB,0,1034757,1,327
εjψD,0,608740,1,322
qΩαE,0,526006,1,287
Xgeμ,0,523423,1,287
XvΓγ,0,502914,1,267
IZbη,0,991226,1,327
ζjnt,0,745262,1,322
Δfιr,0,372240,1,292
Φ#Ω5,0,388890,1,297
m5Vη,0,773473,1,332
Xφtυ,0,385176,1,302
Y@As,0,363767,1,287
F#1m,0,331521,1,267
γLi#,0,350029,1,287
gψsζ,0,556776,1,267
dβφη,0,363728,1,292
uXT@,0,368766,1,297
PΘjE,0,347074,1,287
wGΠ9,0,317742,1,262
ετ1D,0,601634,1,322
YλΓΩ,0,362230,1,287
9OTΠ,0,372126,1,302
υs2J,0,378541,1,302
tEaH,0,606956,1,267
Q@JE,0,350241,1,287
3tIi,0,336781,1,267
%@xZ,0,329534,1,262
y3YK,0,651481,1,267
JqMI,0,583867,1,297
2ψMt,0,316405,1,257
$#IΓ,0,331321,1,262
30ψC,0,369148,1,302
u42B,0,375136,1,297
J%χγ,0,559793,1,267
ΓT2K,0,383531,1,302
Δη8Z,0,370736,1,302
3νJl,0,319858,1,262
YNCG,0,641247,1,322
wHfW,0,378313,1,297
Rh$l,0,367130,1,297
Λnζα,0,330105,1,267
υβGb,0,399255,1,327
ΓtχH,0,601912,1,292
4lσ#,0,383076,1,322
V$mh,0,331250,1,267
ΩXFR,0,369289,1,297
σ2Hα,0,564253,1,267
jo3Λ,0,424896,1,327
r#Qk,0,336763,1,267
UqC@,0,311460,1,257
qΔSu,0,389285,1,322
lbωM,0,657773,1,332
E2tQ,0,343738,1,267
χuιl,0,366404,1,297
m$8O,0,330196,1,262
dΔr!,0,407008,1,292
nβPχ,0,607905,1,297
ΣKχΞ,0,404340,1,322
φλmk,0,369323,1,297
ΛjΨg,0,386301,1,322
MwZλ,0,356297,1,292
9ζΦU,0,992896,1,287
peFτ,0,382639,1,302
#FΦV,0,320740,1,262
vtAn,0,340733,1,267
Efζk,0,330805,1,267
λαgx,0,378973,1,302
ΨgiΦ,0,461952,1,262
ψκ6T,0,384043,1,322
oΩO0,0,408863,1,287
5RWυ,0,378738,1,302
qPξλ,0,373017,1,302
GΛcλ,0,377062,1,302
αε@π,0,403639,1,332
BjΘ1,0,383473,1,322
ΩΛEK,0,389322,1,302
A8L4,0,352723,1,292
dcZU,0,340809,1,287
WΔlξ,0,358162,1,257
χCIj,0,373411,1,292
8ζθΦ,0,379618,1,302
ιbJΠ,0,329007,1,262
IpLΛ,0,351304,1,287
sg!T,0,375659,1,287
iXΠg,0,357350,1,287
λwKl,0,333053,1,262
HδΔJ,0,338905,1,267
μ5us,0,372744,1,297
I6fπ,0,457238,1,332
IWXZ,0,356920,1,267
ζjαμ,0,346135,1,287
ΣPβH,0,362533,1,292
@6It,0,347789,1,287
ΩRλn,0,439261,1,302
Jν%υ,0,374056,1,297
7Dσv,0,355559,1,292
hζ5G,0,390698,1,322
@3Vj,0,337723,1,267
βNΔ1,0,398247,1,322
H@πλ,0,357497,1,292
gΨCL,0,349069,1,267
eΛγR,0,462366,1,262
pjDΦ,0,364164,1,297
xAbd,0,490306,1,322
δχyΞ,0,356882,1,287
dξy5,0,375354,1,262
μΔ1r,0,365284,1,297
!ξΞφ,0,373446,1,302
NΓ7t,0,513182,1,322
qβW2,0,407946,1,322
b9TΣ,0,416206,1,302
f2Rv,0,331821,1,257
Qφ5μ,0,391441,1,322
HγnΘ,0,621319,1,322
ZqYj,0,414523,1,292
HwUn,0,436760,1,332
TpαΦ,0,392028,1,262
ΓcηN,0,567181,1,292
K1iv,0,372445,1,287
mηY1,0,349933,1,287
$mΘυ,0,376694,1,302
$πnα,0,370272,1,302
iJkx,0,428802,1,332
Y$ζw,0,350785,1,287
ηNVG,0,398810,1,322
Uν0v,0,332817,1,257
dbαμ,0,353937,1,287
jR#Δ,0,436439,1,332
δγy$,0,391049,1,322
0$1E,0,421854,1,322
αiηC,0,414372,1,322
ΦPqL,0,395867,1,297
7NDA,0,372899,1,297
z3γσ,0,361940,1,292
nαT8,0,514986,1,297
jpbμ,0,417948,1,322
βvΨ2,0,443300,1,287
Δ6κu,0,433951,1,287
tbTν,0,557306,1,322
Fαχt,0,371073,1,292
eΨτγ,0,326196,1,262
ζMsΨ,0,480712,1,327
%BOT,0,346105,1,287
kηe2,0,444352,1,322
cΓiR,0,324099,1,257
8UrΘ,0,363909,1,297
ΘνnB,0,364619,1,292
πcmE,0,492499,1,287
Fμηξ,0,368501,1,292
zks7,0,406204,1,322
@!Kd,0,364096,1,287
RηΔa,0,359111,1,292
ηtjα,0,331261,1,267
κqf7,0,403148,1,327
ΛRF4,0,372409,1,297
Λ4EI,0,377748,1,302
Pνζ3,0,379487,1,287
ζgτπ,0,339395,1,262
aπcλ,0,385877,1,297
ahUξ,0,584089,1,327
0FTt,0,419384,1,332
Δ5uσ,0,431680,1,332
Eb!Z,0,373663,1,302
Zc9ψ,0,353444,1,287
e1Ψg,0,349662,1,287
9z3w,0,469145,1,322
wvrp,0,368793,1,267
ΦSrd,0,402232,1,322
uaFι,0,382413,1,297
νCuα,0,382051,1,302
υUαδ,0,402828,1,292
ΠYτl,0,361560,1,287
wΨDV,0,397028,1,297
γΨr#,0,411198,1,322
4Σψ8,0,518298,1,297
9ε4#,0,411389,1,322
Hen#,0,403474,1,287
ΦζRD,0,416739,1,322
ηψdj,0,553953,1,302
FmωΛ,0,390526,1,297
NΣυp,0,393735,1,287
pZLv,0,407486,1,322
θτfC,0,393585,1,297
UΦιN,0,390039,1,297
πΞυΓ,0,343294,1,262
θbΨζ,0,343844,1,267
yU9T,0,384866,1,292
k@4Θ,0,395865,1,292
PFΔτ,0,344630,1,267
ΘSκ#,0,366886,1,287
jRωg,0,408485,1,322
VdyA,0,335470,1,262
4ιβn,0,342518,1,262
XΓBj,0,419368,1,327
ΣY2$,0,434803,1,327
ψsz0,0,327862,1,257
M$γk,0,340458,1,262
u83η,0,526649,1,297
7r$ω,0,389448,1,287
jZ4λ,0,412749,1,322
auJι,0,391977,1,292
ΨlIO,0,337791,1,262
gMΔG,0,345289,1,257
ζΩNK,0,355571,1,267
XRφ%,0,375828,1,287
qΞ%Y,0,346298,1,267
ξQC3,0,354114,1,287
iuνD,0,412127,1,322
Llna,0,402665,1,322
yζ8φ,0,383464,1,297
γ2φC,0,373063,1,292
wΞ0t,0,332441,1,262
oδ9f,0,356622,1,287
θKΞH,0,423572,1,297
zcxW,0,379370,1,287
νvψΣ,0,409309,1,267
kh9μ,0,565009,1,322
Cλφβ,0,347539,1,267
zJΩK,0,469270,1,302
ωh#S,0,385952,1,297
P8VF,0,413489,1,322
tωqδ,0,346664,1,267
IUfO,0,421544,1,332
hdτ5,0,373578,1,292
TgSs,0,363366,1,262
4Vθδ,0,617042,1,267
Φ3Gγ,0,684376,1,267
PKθw,0,705753,1,322
w$hF,0,509449,1,257
z1%L,0,577317,1,297
νcμg,0,648411,1,297
v$ZP,0,472972,1,257
σΞIK,0,506480,1,267
$O7e,0,702587,1,322
6VΘΔ,0,588815,1,267
φnkS,0,626995,1,287
0Lhθ,0,612388,1,257
βor@,0,404017,1,322
sΨλV,0,349479,1,287
Cip3,0,465515,1,322
ζFUT,0,417504,1,327
WΘτ1,0,449433,1,257
mzKΘ,0,380418,1,287
iβwζ,0,415136,1,327
Λiωχ,0,369741,1,297
i!υs,0,369966,1,292
